{
  "mu": 0.08679058700313227,
  "omega": 0.02529362938666317,
  "alpha": 0.175878303419592,
  "beta": 0.8125569611160142,
  "nu": 4.873853855508748,
  "dist": "t"
}