{
  "mu": -0.02880108282972852,
  "omega": 0.6934807437848731,
  "alpha": 0.20254646291798217,
  "beta": 4.2762083497919336e-17,
  "nu": 499.98079069561174,
  "dist": "t"
}