{
  "mu": 0.033632010144463126,
  "omega": 0.030690763811363576,
  "alpha": 0.1410261852198179,
  "beta": 0.8261079933652159,
  "nu": 75.95989536240258,
  "dist": "t"
}