{
  "mu": 0.05030318202329408,
  "omega": 1.1821607580678775,
  "alpha": 4.396648547898728e-13,
  "beta": 0.4419880353871732,
  "nu": 3.3495964247501306,
  "dist": "t"
}